id,hp,attack,defense,speed,evade,accuracy,exp,gold,bounty_flag,bounty,ai,attack_weight,skills,weak,resist,immune
ENM_Ant,36,22,6,11,5,85,10,32,,,HumanHunter,3,SKL_AcidSpit:1,Fire,,
ENM_TurretBug,90,35,15,5,0,80,25,90,,,TankHunter,2,SKL_TwinShot:1,Electric,Fire|Normal,
ENM_Dog,30,18,4,16,15,90,8,25,,,Weakest,3,SKL_Howl:1,Sonic,,
# 赏金首,,,,,,,,,,,,,,,,
ENM_Bounty_IronCrab,380,55,25,8,5,85,300,1000,1,3000,TankHunter,2,SKL_CrabPinch:2|SKL_BrineSpray:1|SKL_ShellMend:1,Electric,Fire,
# 第二幕：白盐带外缘（每种敌人对应一种最优配置）,,,,,,,,,,,,,,,,
ENM_ScorpionSwarm,28,30,8,14,5,85,8,22,,,Random,1,,Fire,Ice,
ENM_ScrapDrone,45,34,10,18,35,90,22,70,,,Weakest,2,SKL_DroneBurst:1,,,
ENM_Raider,55,32,12,15,10,88,20,65,,,HumanHunter,2,SKL_Ambush:1,Sonic,,
ENM_SaltCrawler,180,42,70,7,0,85,45,150,,,TankHunter,2,SKL_AcidSpit:1,,Fire|Electric,
ENM_PipeSentry,110,40,25,9,5,85,35,120,,,TankHunter,2,SKL_TwinShot:1,Electric,Fire|Normal|Sonic,
# 第二幕赏金首（空城遗址）,,,,,,,,,,,,,,,,
ENM_Bounty_SaltWyrm,900,68,35,10,5,85,900,2000,1,8000,TankHunter,2,SKL_Quake:2|SKL_Swallow:1|SKL_Burrow:1,Ice,Normal,
