shop_id,part_id
# 栈桥镇车库商店,
SHP_Zhanqiao,TNK_Engine_V12
SHP_Zhanqiao,TNK_Chassis_Heavy
SHP_Zhanqiao,TNK_CUnit_Twin
SHP_Zhanqiao,WPN_Cannon_75
SHP_Zhanqiao,WPN_MG_77
SHP_Zhanqiao,WPN_SE_Missile
SHP_Zhanqiao,ITM_Tonic
SHP_Zhanqiao,ITM_ReviveKit
SHP_Zhanqiao,ITM_RepairPack
SHP_Zhanqiao,ITM_AmmoCrate
SHP_Zhanqiao,WPN_Flamethrower
SHP_Zhanqiao,WPN_ShockCannon
# 盐井聚落商店（第二幕）,
SHP_Saltwell,TNK_CUnit_Tracker
SHP_Saltwell,WPN_Cannon_105
SHP_Saltwell,WPN_CryoGun
SHP_Saltwell,WPN_SonicBlaster
SHP_Saltwell,TNK_Chassis_Heavy
SHP_Saltwell,TNK_Engine_V12
SHP_Saltwell,WPN_SE_Missile
SHP_Saltwell,WPN_Flamethrower
SHP_Saltwell,WPN_ShockCannon
SHP_Saltwell,ITM_Tonic
SHP_Saltwell,ITM_ReviveKit
SHP_Saltwell,ITM_RepairPack
SHP_Saltwell,ITM_AmmoCrate
